{"cameraMode":{"drawMode":0,"name":"Shaded","section":"Shading Mode"},"sceneLighting":false,"audioPlay":false,"sceneViewState":{"showFog":true,"showMaterialUpdate":false,"showSkybox":true,"showFlares":true,"showImageEffects":true,"showParticleSystems":true},"in2DMode":false,"pivot":{"x":7.814582824707031,"y":-1.3789159059524537,"z":-4.497548580169678},"rotation":{"x":0.0730288028717041,"y":0.8201258182525635,"z":-0.1074819564819336,"w":0.5572325587272644},"size":15.884967803955079,"orthographic":false}