{"cameraMode":{"drawMode":0,"name":"Shaded","section":"Shading Mode"},"sceneLighting":false,"audioPlay":false,"sceneViewState":{"showFog":true,"showMaterialUpdate":false,"showSkybox":true,"showFlares":true,"showImageEffects":true,"showParticleSystems":true},"in2DMode":false,"pivot":{"x":0.40452468395233157,"y":1.3737094402313233,"z":-1.8430602550506592},"rotation":{"x":-0.13109853863716126,"y":0.8686655163764954,"z":-0.32678645849227908,"w":-0.3484882414340973},"size":5.503786087036133,"orthographic":false}