{"cameraMode":{"drawMode":0,"name":"Shaded","section":"Shading Mode"},"sceneLighting":false,"audioPlay":false,"sceneViewState":{"showFog":true,"showMaterialUpdate":false,"showSkybox":true,"showFlares":true,"showImageEffects":true,"showParticleSystems":true},"in2DMode":false,"pivot":{"x":-1.6706218719482422,"y":1.0555964708328248,"z":2.218430519104004},"rotation":{"x":0.04576784372329712,"y":-0.9092783331871033,"z":0.10393725335597992,"w":0.4003939926624298},"size":6.404722690582275,"orthographic":false}