{"cameraMode":{"drawMode":0,"name":"Shaded","section":"Shading Mode"},"sceneLighting":false,"audioPlay":false,"sceneViewState":{"showFog":true,"showMaterialUpdate":false,"showSkybox":true,"showFlares":true,"showImageEffects":true,"showParticleSystems":true},"in2DMode":false,"pivot":{"x":-0.5681946277618408,"y":1.1172325611114503,"z":1.6484366655349732},"rotation":{"x":-0.13109853863716126,"y":0.8686655163764954,"z":-0.32678645849227908,"w":-0.3484882414340973},"size":4.322671890258789,"orthographic":false}