{"cameraMode":{"drawMode":0,"name":"Shaded","section":"Shading Mode"},"sceneLighting":false,"audioPlay":false,"sceneViewState":{"showFog":true,"showMaterialUpdate":false,"showSkybox":true,"showFlares":true,"showImageEffects":true,"showParticleSystems":true},"in2DMode":false,"pivot":{"x":-23.277393341064454,"y":-5.600000381469727,"z":21.292030334472658},"rotation":{"x":0.17204247415065766,"y":-0.7645649909973145,"z":0.2275869995355606,"w":0.5779670476913452},"size":15.308788299560547,"orthographic":false}