{"cameraMode":{"drawMode":0,"name":"Shaded","section":"Shading Mode"},"sceneLighting":false,"audioPlay":false,"sceneViewState":{"showFog":true,"showMaterialUpdate":false,"showSkybox":true,"showFlares":true,"showImageEffects":true,"showParticleSystems":true},"in2DMode":false,"pivot":{"x":-2.9057629108428957,"y":1.0632166862487794,"z":3.957606792449951},"rotation":{"x":0.030323920771479608,"y":-0.8998241424560547,"z":0.06337427347898483,"w":0.4305587112903595},"size":3.141658067703247,"orthographic":false}