{"cameraMode":{"drawMode":0,"name":"Shaded","section":"Shading Mode"},"sceneLighting":false,"audioPlay":false,"sceneViewState":{"showFog":true,"showMaterialUpdate":false,"showSkybox":true,"showFlares":true,"showImageEffects":true,"showParticleSystems":true},"in2DMode":false,"pivot":{"x":-2.0235066413879396,"y":1.5131984949111939,"z":1.2346432209014893},"rotation":{"x":0.04576784372329712,"y":-0.9092783331871033,"z":0.10393725335597992,"w":0.4003939926624298},"size":22.0,"orthographic":false}