{"cameraMode":{"drawMode":0,"name":"Shaded","section":"Shading Mode"},"sceneLighting":false,"audioPlay":false,"sceneViewState":{"showFog":true,"showMaterialUpdate":false,"showSkybox":true,"showFlares":true,"showImageEffects":true,"showParticleSystems":true},"in2DMode":false,"pivot":{"x":-4.733942031860352,"y":0.06349797546863556,"z":4.84122896194458},"rotation":{"x":0.11347512155771256,"y":-0.8746932148933411,"z":0.24756187200546266,"w":0.4009343087673187},"size":0.7273608446121216,"orthographic":false}