{"cameraMode":{"drawMode":0,"name":"Shaded","section":"Shading Mode"},"sceneLighting":false,"audioPlay":false,"sceneViewState":{"showFog":true,"showMaterialUpdate":false,"showSkybox":true,"showFlares":true,"showImageEffects":true,"showParticleSystems":true},"in2DMode":false,"pivot":{"x":-1.0554485321044922,"y":2.2025094032287599,"z":1.8117446899414063},"rotation":{"x":-0.2828330397605896,"y":0.613703191280365,"z":-0.25035011768341067,"w":-0.6933243870735169},"size":5.89805793762207,"orthographic":false}