{"cameraMode":{"drawMode":0,"name":"Shaded","section":"Shading Mode"},"sceneLighting":true,"audioPlay":false,"sceneViewState":{"showFog":true,"showMaterialUpdate":false,"showSkybox":true,"showFlares":true,"showImageEffects":true,"showParticleSystems":true},"in2DMode":false,"pivot":{"x":-28.510822296142579,"y":-0.36298370361328127,"z":-43.04893493652344},"rotation":{"x":-0.1330791562795639,"y":-0.8437411785125732,"z":0.24474339187145234,"w":-0.4587935209274292},"size":65.16973876953125,"orthographic":false}