{"cameraMode":{"drawMode":0,"name":"Shaded","section":"Shading Mode"},"sceneLighting":false,"audioPlay":false,"sceneViewState":{"showFog":true,"showMaterialUpdate":false,"showSkybox":true,"showFlares":true,"showImageEffects":true,"showParticleSystems":true},"in2DMode":false,"pivot":{"x":-1.163562297821045,"y":1.3067569732666016,"z":1.9879376888275147},"rotation":{"x":-0.006021512672305107,"y":0.9329797625541687,"z":-0.3595394492149353,"w":-0.015620187856256962},"size":6.725312232971191,"orthographic":false}