{"cameraMode":{"drawMode":0,"name":"Shaded","section":"Shading Mode"},"sceneLighting":true,"audioPlay":false,"sceneViewState":{"showFog":true,"showMaterialUpdate":false,"showSkybox":true,"showFlares":true,"showImageEffects":true,"showParticleSystems":true},"in2DMode":false,"pivot":{"x":-0.7696709632873535,"y":1.511220932006836,"z":-0.5618463754653931},"rotation":{"x":0.16354306042194367,"y":-0.6144001483917236,"z":0.13212840259075166,"w":0.7604658603668213},"size":6.825942039489746,"orthographic":false}