{"cameraMode":{"drawMode":0,"name":"Shaded","section":"Shading Mode"},"sceneLighting":false,"audioPlay":false,"sceneViewState":{"showFog":true,"showMaterialUpdate":false,"showSkybox":true,"showFlares":true,"showImageEffects":true,"showParticleSystems":true},"in2DMode":false,"pivot":{"x":10.822633743286133,"y":0.45904541015625,"z":0.011043548583984375},"rotation":{"x":-0.13004782795906068,"y":-0.2213636040687561,"z":0.02980225160717964,"w":-0.9660215377807617},"size":26.612964630126954,"orthographic":false}